City_ID,City,Lat,Lng,Max Temp,Humidity,Cloudiness,Wind Speed,Country,Date
0,verkhnetulomskiy,68.6073,31.7962,-2.93,91,100,2.44,RU,1674610518
1,pozo colorado,-23.4923,-58.7972,28.5,58,7,3.07,PY,1674610518
2,broken hill,-31.95,141.4333,33.04,19,0,3.06,AU,1674610519
3,kargasok,59.0556,80.8572,-29.68,98,76,2.68,RU,1674610519
4,bluff,-46.6,168.3333,15.61,67,15,4.1,NZ,1674610520
5,asau,46.4333,26.4,-2.49,86,92,1.57,RO,1674610520
6,kushiro,42.975,144.3747,-11.47,79,75,1.54,JP,1674610521
7,kapaa,22.0752,-159.319,26.99,86,75,3.6,US,1674610521
8,ushuaia,-54.8,-68.3,7.81,61,20,1.03,AR,1674610522
9,hobart,-42.8794,147.3294,25.92,64,40,3.6,AU,1674610259
10,muros,42.7762,-9.0603,10.61,72,12,6.11,ES,1674610522
11,punta arenas,-53.15,-70.9167,9.06,61,75,5.66,CL,1674610359
12,sao filipe,14.8961,-24.4956,21.12,68,100,1.13,CV,1674610523
13,olafsvik,64.8945,-23.7142,0.09,87,98,14.38,IS,1674609967
14,barrow,71.2906,-156.7887,-22.99,77,0,9.26,US,1674610524
15,nizwa,22.9333,57.5333,13.66,74,0,0.75,OM,1674610524
16,niono,14.2526,-5.993,25.13,16,53,4.16,ML,1674610525
17,gavle,60.6745,17.1417,5.51,97,100,1.34,SE,1674610525
18,victoria,22.2855,114.1577,12.92,56,70,5.81,HK,1674610526
19,saryg-sep,51.5,95.6,-25.1,98,100,1.05,RU,1674610526
20,nanortalik,60.1432,-45.2371,0.07,86,100,16.34,GL,1674610527
21,hofn,64.2539,-15.2082,4.27,63,100,4.39,IS,1674610527
22,hermanus,-34.4187,19.2345,15.7,60,8,2.53,ZA,1674610528
23,rikitea,-23.1203,-134.9692,26.3,76,9,7.11,PF,1674610528
24,sur,22.5667,59.5289,18.18,47,6,3.72,OM,1674610529
25,lebu,-37.6167,-73.65,14.14,74,0,7.25,CL,1674610529
26,atuona,-9.8,-139.0333,25.86,78,6,6.95,PF,1674610472
27,nikolskoye,59.7035,30.7861,-0.06,95,100,3.57,RU,1674610530
28,gallup,35.5281,-108.7426,-2.09,64,0,5.14,US,1674610530
29,saint-philippe,-21.3585,55.7679,22.77,91,100,5.35,RE,1674610531
30,codrington,-38.2667,141.9667,23.11,46,26,6.2,AU,1674610531
31,mount isa,-20.7333,139.5,32.87,46,98,5.14,AU,1674610532
32,mangaldai,26.4333,92.0333,16.72,55,61,2.14,IN,1674610532
33,naron,43.5167,-8.1528,10.33,78,100,5.75,ES,1674610533
34,kilindoni,-7.9139,39.6668,27.16,81,100,8.13,TZ,1674610533
35,dolores hidalgo,21.1561,-100.9308,17.66,24,1,5.75,MX,1674610534
36,hakkari,37.5833,44.1667,-14.12,85,20,0.0,TR,1674610534
37,port hardy,50.6996,-127.4199,6.1,100,100,0.0,CA,1674610535
38,qaanaaq,77.484,-69.3632,-20.47,62,85,4.34,GL,1674610535
39,hailey,43.5196,-114.3153,-11.08,92,40,0.0,US,1674610536
40,lazaro cardenas,17.9583,-102.2,23.72,67,0,2.71,MX,1674610536
41,tuktoyaktuk,69.4541,-133.0374,-20.0,77,100,7.2,CA,1674610536
42,ketchikan,55.3422,-131.6461,7.26,100,100,5.66,US,1674610537
43,georgetown,5.4112,100.3354,26.8,88,20,1.03,MY,1674610537
44,arraial do cabo,-22.9661,-42.0278,24.05,88,100,3.56,BR,1674610538
45,bhadrachalam,17.6667,80.8833,17.1,87,23,0.53,IN,1674610538
46,nagato,34.3833,131.2,0.49,60,100,6.34,JP,1674610539
47,cape town,-33.9258,18.4232,16.16,65,0,4.02,ZA,1674610539
48,frontera,26.9333,-101.45,13.2,14,0,4.87,MX,1674610540
49,ribeira grande,38.5167,-28.7,14.87,87,9,1.79,PT,1674610540
50,albany,42.6001,-73.9662,1.23,77,38,3.27,US,1674610428
51,graaff-reinet,-32.2522,24.5308,14.96,86,100,4.14,ZA,1674610541
52,yellowknife,62.456,-114.3525,-15.71,85,40,1.03,CA,1674610511
53,dingle,10.9995,122.6711,26.26,80,48,9.09,PH,1674610541
54,ilulissat,69.2167,-51.1,-7.99,67,100,3.6,GL,1674610542
55,evensk,61.95,159.2333,-12.33,78,100,11.07,RU,1674610542
56,renfrew,55.872,-4.3925,10.29,89,100,6.17,GB,1674610543
57,vaini,-21.2,-175.2,30.09,74,20,3.09,TO,1674610543
58,ponta do sol,32.6667,-17.1,16.35,50,0,4.05,PT,1674609958
59,carnduff,49.1667,-101.8009,-15.35,100,74,2.22,CA,1674610544
60,nemuro,43.3236,145.575,-10.59,62,26,13.25,JP,1674610545
61,griffith,41.5284,-87.4237,1.17,85,100,3.6,US,1674610545
62,ushtobe,45.2514,77.9838,-16.62,94,41,1.26,KZ,1674610545
63,busselton,-33.65,115.3333,22.96,40,3,5.0,AU,1674610546
64,khatanga,71.9667,102.5,-32.96,86,100,1.74,RU,1674610546
65,fangshan,39.6983,115.9925,-9.53,14,28,0.68,CN,1674610547
66,new norfolk,-42.7826,147.0587,25.72,33,97,1.71,AU,1674610547
67,avarua,-21.2078,-159.775,29.03,74,27,3.09,CK,1674610548
68,bonavista,48.6499,-53.1147,0.28,81,8,8.77,CA,1674610548
69,ardalstangen,61.2371,7.6983,7.44,100,100,2.83,NO,1674610549
70,saint-augustin,51.226,-58.6502,-5.32,75,99,6.17,CA,1674610549
71,castro,-24.7911,-50.0119,17.98,62,1,2.01,BR,1674610550
72,lompoc,34.6391,-120.4579,16.08,62,20,2.57,US,1674610350
73,sinnamary,5.3833,-52.95,23.86,80,0,4.6,GF,1674609950
74,kazachinskoye,57.6953,93.2761,-15.32,98,100,1.25,RU,1674610550
75,port elizabeth,-33.918,25.5701,18.16,78,0,5.66,ZA,1674610551
76,mahebourg,-20.4081,57.7,22.92,100,75,1.54,MU,1674609966
77,chokurdakh,70.6333,147.9167,-31.84,96,100,1.06,RU,1674610014
78,pevek,69.7008,170.3133,-25.94,77,58,0.62,RU,1674610552
79,naco,31.3347,-109.9483,5.01,48,0,3.06,MX,1674610552
80,saskylakh,71.9167,114.0833,-26.68,100,100,1.49,RU,1674610553
81,bredasdorp,-34.5322,20.0403,13.82,63,2,1.26,ZA,1674610553
82,labuan,5.2767,115.2417,26.2,89,40,0.0,MY,1674610554
83,sao joao da barra,-21.6403,-41.0511,22.93,97,100,3.53,BR,1674610554
84,moron,-34.6534,-58.6198,29.88,47,61,1.78,AR,1674610555
85,dikson,73.5069,80.5464,-18.67,94,100,13.15,RU,1674610555
86,mataura,-46.1927,168.8643,23.73,33,22,1.52,NZ,1674610555
87,padang,-0.9492,100.3543,24.03,67,100,1.02,ID,1674610556
88,gobabis,-22.45,18.9667,20.88,44,15,3.9,NA,1674610556
89,burns lake,54.2331,-125.7533,-2.32,99,100,1.41,CA,1674610507
90,glasgow,55.8652,-4.2576,10.11,89,100,6.17,GB,1674610374
91,alexandria,31.2156,29.9553,13.3,69,0,4.23,EG,1674610557
92,henties bay,-22.116,14.2845,17.9,85,31,4.27,NA,1674610558
93,ambulu,-8.345,113.6058,28.32,75,86,0.8,ID,1674610558
94,kalininsk,51.5,44.4758,-13.35,91,12,1.49,RU,1674610559
95,hasaki,35.7333,140.8333,0.16,39,52,11.58,JP,1674610559
96,jamestown,42.097,-79.2353,-3.03,93,0,0.45,US,1674610559
97,okhotsk,59.3833,143.3,-18.37,96,100,6.28,RU,1674610560
98,mantsala,60.6609,25.2838,0.94,99,100,3.82,FI,1674610561
99,port alfred,-33.5906,26.891,18.43,79,100,1.79,ZA,1674610561
100,bubaque,11.2833,-15.8333,23.43,82,100,6.4,GW,1674610562
101,jalu,29.0331,21.5482,11.94,61,0,4.84,LY,1674609979
102,slantsy,59.1182,28.0914,-0.39,96,100,3.87,RU,1674610563
103,chuy,-33.6971,-53.4616,19.39,67,66,2.83,UY,1674610563
104,fortuna,40.5982,-124.1573,13.19,82,0,0.0,US,1674610564
105,mandalgovi,45.7625,106.2708,-17.41,60,100,5.11,MN,1674610565
106,portland,45.5234,-122.6762,9.23,79,75,2.57,US,1674610518
107,vestmannaeyjar,63.4427,-20.2734,3.16,77,100,17.31,IS,1674610565
108,yumen,40.2833,97.2,-12.04,45,100,9.12,CN,1674610566
109,vanimo,-2.6741,141.3028,29.25,66,100,1.73,PG,1674610000
110,taltal,-25.4,-70.4833,20.59,84,32,1.22,CL,1674610567
111,monterey,36.2505,-121.2516,9.95,50,8,1.14,US,1674610542
112,bengkulu,-3.8004,102.2655,25.23,83,100,1.92,ID,1674610568
113,vanavara,60.34,102.2797,-43.16,100,97,0.77,RU,1674610568
114,oistins,13.0667,-59.5333,25.05,78,40,7.72,BB,1674610568
115,biak,-0.9131,122.8766,24.73,86,100,0.63,ID,1674610569
116,zhongshu,24.5167,103.7667,5.73,71,100,4.06,CN,1674610570
117,burnie,-41.0667,145.9167,22.19,69,63,4.14,AU,1674610354
118,kimbe,-5.5502,150.1429,27.07,85,100,1.27,PG,1674610570
119,kodiak,57.79,-152.4072,3.73,93,100,2.57,US,1674610571
120,kochubey,44.3861,46.5825,-0.96,82,4,5.11,RU,1674610571
121,corowa,-36.0333,146.3833,29.67,40,0,3.32,AU,1674610572
122,grindavik,63.8424,-22.4338,1.97,86,100,18.01,IS,1674610572
123,port-cartier,50.0334,-66.8654,-6.18,73,4,7.48,CA,1674610573
124,merauke,-8.4667,140.3333,29.06,71,100,1.15,ID,1674610573
125,vao,-22.6667,167.4833,26.37,82,11,3.38,NC,1674610574
126,san patricio,28.017,-97.5169,16.92,30,0,7.29,US,1674610574
127,alice springs,-23.7,133.8833,32.75,21,70,2.57,AU,1674610575
128,puerto escondido,15.85,-97.0667,26.46,73,0,0.0,MX,1674610575
129,pachino,36.7186,15.0907,11.52,81,99,3.23,IT,1674610576
130,aklavik,68.2191,-135.0107,-20.02,99,100,3.92,CA,1674610576
131,lusambo,-4.9667,23.45,19.53,98,100,1.03,CD,1674610576
132,kavieng,-2.5744,150.7967,28.52,70,94,3.34,PG,1674610577
133,tiksi,71.6872,128.8694,-37.29,99,55,3.71,RU,1674610578
134,itirucu,-13.5317,-40.1503,17.59,98,71,1.18,BR,1674610578
135,grafton,42.207,-71.6856,1.2,81,55,1.34,US,1674610579
136,mehamn,71.0357,27.8492,0.95,93,100,11.83,NO,1674610579
137,anchorage,61.2181,-149.9003,6.56,56,100,11.32,US,1674610579
138,kaeo,-35.1,173.7833,24.07,70,14,6.26,NZ,1674610580
139,catamarca,-28.4696,-65.7852,28.66,59,9,4.14,AR,1674610257
140,severnyy,50.677,36.5532,-6.98,86,0,2.0,RU,1674610581
141,bethel,41.3712,-73.414,4.16,64,100,2.57,US,1674610582
142,veraval,20.9,70.3667,15.0,48,0,5.9,IN,1674610582
143,perico,22.7692,-81.0189,21.98,79,0,5.14,CU,1674610583
144,lae,-6.7221,146.9847,29.37,60,99,3.14,PG,1674610583
145,margate,51.3813,1.3862,4.27,82,100,0.45,GB,1674610584
146,katsuura,35.1333,140.3,0.43,37,23,10.01,JP,1674610584
147,merrill,45.1805,-89.6835,-4.03,86,40,0.0,US,1674610585
148,souillac,-20.5167,57.5167,22.21,100,75,1.54,MU,1674610585
149,tasiilaq,65.6145,-37.6368,-5.91,64,53,3.87,GL,1674610586
150,ancud,-41.8697,-73.8203,12.39,78,89,2.11,CL,1674610449
151,mporokoso,-9.3727,30.125,15.48,95,100,0.94,ZM,1674610586
152,hamilton,39.1834,-84.5333,3.75,80,20,2.06,US,1674609931
153,isangel,-19.55,169.2667,32.06,66,40,3.09,VU,1674610587
154,saldanha,-33.0117,17.9442,13.03,67,0,7.87,ZA,1674610587
155,acapulco,16.8634,-99.8901,26.9,69,0,4.12,MX,1674610588
156,baijiantan,45.6333,85.1833,-23.5,95,22,1.79,CN,1674610588
157,panaba,21.2833,-88.2667,24.02,78,2,5.26,MX,1674610589
158,ajdabiya,30.7554,20.2263,12.69,64,6,6.99,LY,1674610589
159,halifax,44.6453,-63.5724,2.0,84,17,5.36,CA,1674610274
160,bambous virieux,-20.3428,57.7575,22.9,100,75,1.54,MU,1674610590
161,kota bahru,6.1333,102.2386,26.97,78,40,6.69,MY,1674610590
162,puerto ayora,-0.7393,-90.3518,24.19,95,11,2.35,EC,1674610591
163,poiana stampei,47.3167,25.1333,-4.98,89,26,1.22,RO,1674610591
164,luwuk,-0.9516,122.7875,25.55,88,100,0.78,ID,1674610592
165,taonan,45.3333,122.7833,-16.59,34,100,4.02,CN,1674610592
166,gamba,-2.65,10.0,25.23,84,100,1.7,GA,1674610593
167,kysyl-syr,63.8986,122.7617,-46.22,99,89,1.66,RU,1674610593
168,jumla,29.2747,82.1838,3.84,92,100,2.07,NP,1674610593
169,sebring,27.4956,-81.4409,20.68,79,100,4.12,US,1674610594
170,port keats,-14.25,129.55,28.6,77,90,4.98,AU,1674610594
171,koutsouras,35.0339,25.9469,13.39,80,8,3.15,GR,1674610595
172,balclutha,-46.2339,169.75,17.0,68,94,2.94,NZ,1674610595
173,mutis,6.2262,-77.4044,25.94,87,80,0.99,CO,1674610596
174,tevaitoa,-16.7833,-151.5,27.63,74,100,7.37,PF,1674610596
175,kavaratti,10.5669,72.642,25.41,83,100,7.36,IN,1674610596
176,melilla,35.2937,-2.9383,8.21,81,20,3.6,ES,1674610597
177,lorengau,-2.0226,147.2712,28.36,71,69,2.58,PG,1674610598
178,hambantota,6.1241,81.1185,21.19,100,20,1.03,LK,1674610598
179,hilo,19.7297,-155.09,27.38,72,0,5.14,US,1674610598
180,ucluelet,48.9329,-125.5528,8.38,93,100,2.04,CA,1674610599
181,shingu,33.7333,135.9833,1.47,47,49,3.32,JP,1674610599
182,san lazaro,18.0387,-88.6622,22.13,96,91,2.15,BZ,1674610600
183,acarau,-2.8856,-40.12,25.09,83,9,3.39,BR,1674610600
184,vila velha,-20.3297,-40.2925,25.97,94,75,1.34,BR,1674610311
185,talnakh,69.4865,88.3972,-24.33,90,100,5.41,RU,1674610601
186,torbay,47.6666,-52.7314,1.88,91,75,7.2,CA,1674610545
187,beaverlodge,55.2166,-119.4361,-0.36,84,100,3.31,CA,1674610602
188,itaituba,-4.2761,-55.9836,22.64,99,100,0.65,BR,1674610602
189,lata,40.1629,-8.3327,4.49,83,0,2.0,PT,1674610602
190,namibe,-15.1961,12.1522,23.49,83,19,1.0,AO,1674610603
191,fatezh,52.0891,35.8632,-2.79,67,11,1.06,RU,1674610603
192,alofi,-19.0595,-169.9187,28.94,74,40,2.57,NU,1674610604
193,hithadhoo,-0.6,73.0833,27.34,74,100,5.24,MV,1674610604
194,petropavlovsk-kamchatskiy,53.0452,158.6483,-13.67,56,75,7.0,RU,1674610605
195,faanui,-16.4833,-151.75,27.71,73,100,7.28,PF,1674610605
196,harnoli,32.2792,71.5539,7.36,85,0,3.67,PK,1674610606
197,novobirilyussy,56.9514,90.6661,-22.49,100,94,0.84,RU,1674610606
198,auki,-8.7676,160.7034,29.71,65,97,0.93,SB,1674610607
199,morant bay,17.8815,-76.4093,26.79,81,11,4.19,JM,1674610607
200,dukat,62.55,155.55,-27.22,99,99,1.6,RU,1674610607
201,lavrentiya,65.5833,-171.0,-25.63,91,5,5.65,RU,1674610608
202,kisesa,-3.0833,34.15,17.64,83,98,2.63,TZ,1674610608
203,provideniya,64.3833,-173.3,-13.94,56,20,9.0,RU,1674610609
204,smolenka,52.1352,113.4974,-37.96,61,20,0.0,RU,1674610609
205,vardo,70.3705,31.1107,-1.01,74,40,10.8,NO,1674610610
206,obihiro,42.9172,143.2044,-9.77,44,75,5.14,JP,1674610486
207,sitka,57.0531,-135.33,7.94,87,100,4.63,US,1674610610
208,sinazongwe,-17.2614,27.4618,21.24,91,100,0.69,ZM,1674610461
209,leh,34.1667,77.5833,-9.64,97,100,1.18,IN,1674610611
210,cienaga,11.007,-74.2476,29.43,61,40,3.6,CO,1674610612
211,zeya,53.75,127.2667,-29.93,81,46,0.69,RU,1674610612
212,russkaya polyana,49.417,31.9201,-3.28,79,9,2.01,UA,1674610613
213,upernavik,72.7868,-56.1549,-12.98,92,100,8.28,GL,1674610613
214,kirakira,-10.4544,161.9205,29.54,67,98,3.11,SB,1674610614
215,cap malheureux,-19.9842,57.6142,23.04,82,100,1.34,MU,1674610284
216,coro,11.4045,-69.6734,23.92,83,72,6.84,VE,1674610435
217,tuatapere,-46.1333,167.6833,19.07,52,26,4.92,NZ,1674610614
218,tezu,27.9167,96.1667,19.14,30,4,0.3,IN,1674610615
219,meulaboh,4.1363,96.1285,25.73,84,59,3.17,ID,1674610615
220,mingaora,34.7758,72.3625,2.99,92,61,2.74,PK,1674610616
221,say,13.1007,2.3689,24.31,16,16,3.38,NE,1674610616
222,sola,-13.8833,167.55,28.04,76,15,5.16,VU,1674610617
223,norman wells,65.282,-126.8329,-16.98,78,75,1.03,CA,1674610617
224,nizhniy tsasuchey,50.5167,115.1333,-27.21,78,51,1.81,RU,1674610617
225,oranjemund,-28.55,16.4333,16.18,77,0,8.73,NA,1674610618
226,hanko,59.8333,22.95,2.25,97,100,9.33,FI,1674610618
227,saint george,37.1041,-113.5841,7.33,36,0,2.57,US,1674610619
228,frolovo,49.7713,43.6622,-8.45,79,20,1.8,RU,1674610619
229,svetlyy,54.675,20.1347,0.03,89,90,4.49,RU,1674610620
230,vaitape,-16.5167,-151.75,27.71,73,100,7.24,PF,1674610620
231,kamaishi,39.2667,141.8833,-6.14,61,92,8.65,JP,1674610621
232,sri aman,1.2376,111.4621,25.03,94,20,0.51,MY,1674610621
233,yerbogachen,61.2767,108.0108,-33.38,93,100,1.42,RU,1674610622
234,ishigaki,24.3448,124.1572,11.07,93,75,5.66,JP,1674610622
235,horta,38.5333,-28.6333,14.45,87,21,1.79,PT,1674610623
236,esperance,-33.8667,121.9,20.74,70,3,7.72,AU,1674610600
237,turukhansk,65.8167,87.9833,-31.89,91,84,3.46,RU,1674610623
238,ulladulla,-35.35,150.4667,25.15,60,2,4.66,AU,1674610624
239,kondopoga,62.2057,34.2614,-2.18,95,100,4.67,RU,1674610624
240,dawei,14.0833,98.2,25.58,49,38,4.84,MM,1674610625
241,tabou,4.423,-7.3528,25.68,85,24,1.87,CI,1674610625
242,severo-kurilsk,50.6789,156.125,-3.1,95,100,27.16,RU,1674610626
243,wairoa,-39.0333,177.3667,20.86,65,9,3.13,NZ,1674610626
244,honningsvag,70.9821,25.9704,0.86,93,100,7.2,NO,1674610627
245,bilma,18.6853,12.9164,20.35,13,0,2.57,NE,1674610627
246,butaritari,3.0707,172.7902,27.39,77,98,8.28,KI,1674610628
247,beloha,-25.1667,45.05,23.58,81,66,8.2,MG,1674610629
248,druzhba,52.0428,33.9453,-3.59,65,5,0.32,UA,1674610629
249,clyde river,70.4692,-68.5914,-27.87,69,100,5.66,CA,1674610630
250,thompson,55.7435,-97.8558,-20.91,71,100,2.06,CA,1674610601
251,doha,25.2867,51.5333,19.94,70,0,4.63,QA,1674610546
252,puerto carreno,6.189,-67.4859,26.19,52,39,3.78,CO,1674610631
253,susanville,40.4163,-120.653,1.56,76,0,1.54,US,1674610631
254,port hedland,-20.3167,118.5667,32.03,62,57,3.09,AU,1674610632
255,geraldton,-28.7667,114.6,26.23,57,0,5.14,AU,1674610632
256,college,64.8569,-147.8028,-18.01,80,75,0.0,US,1674610634
257,cidreira,-30.1811,-50.2056,24.5,81,19,5.09,BR,1674610634
258,beitbridge,-22.2167,30.0,24.57,46,98,3.56,ZW,1674610635
259,forio,40.7342,13.8646,11.9,71,100,6.71,IT,1674610635
260,pafos,34.7667,32.4167,9.88,71,0,0.51,CY,1674610635
261,poindimie,-20.9333,165.3333,29.12,74,15,3.05,NC,1674610636
262,cap-aux-meules,47.3821,-61.8597,-0.97,86,75,8.23,CA,1674610636
263,sabha,27.0377,14.4283,12.12,26,1,4.1,LY,1674610377
264,lubao,14.9167,120.55,27.04,69,99,8.44,PH,1674610637
265,pandan,14.0453,124.1694,23.5,89,89,12.13,PH,1674610637
266,durusu,41.3053,28.6767,6.1,87,100,8.94,TR,1674610638
267,komsomolskiy,40.4272,71.7189,-5.6,79,100,2.57,UZ,1674610638
268,ouango,4.3133,22.5552,19.87,39,99,1.57,CF,1674610639
269,safaga,26.7292,33.9365,17.86,54,0,7.54,EG,1674610639
270,kahului,20.8947,-156.47,28.01,66,75,4.12,US,1674610640
271,ravar,31.2656,56.8055,-0.34,49,0,0.85,IR,1674610640
272,kungurtug,50.5994,97.5228,-24.0,98,100,0.33,RU,1674610641
273,kuandian,40.7286,124.7847,-17.42,45,16,1.69,CN,1674610642
274,fort nelson,58.8053,-122.7002,-12.23,95,40,0.0,CA,1674610642
275,berdigestyakh,62.0989,126.6992,-38.33,98,98,1.38,RU,1674610643
276,vila franca do campo,37.7167,-25.4333,14.23,82,43,6.17,PT,1674610643
277,mapastepec,15.4333,-92.9,23.22,83,70,1.33,MX,1674610644
278,eucaliptus,-17.5833,-67.5167,11.59,54,99,1.45,BO,1674610645
279,kruisfontein,-34.0033,24.7314,16.6,66,34,2.62,ZA,1674610456
280,shunyi,40.125,116.6453,-13.03,52,0,1.0,CN,1674610645
281,ahipara,-35.1667,173.1667,23.53,53,7,6.15,NZ,1674610646
282,lugazi,0.3772,32.9197,17.4,86,100,0.4,UG,1674610646
283,port lincoln,-34.7333,135.8667,21.88,54,0,5.25,AU,1674610647
284,longyearbyen,78.2186,15.6401,-5.09,74,75,9.26,SJ,1674610647
285,aflao,6.116,1.1914,27.07,89,20,3.09,TG,1674610648
286,raudeberg,61.9875,5.1352,8.81,16,100,17.03,NO,1674610648
287,bathsheba,13.2167,-59.5167,25.34,78,40,7.72,BB,1674610649
288,fillmore,43.6666,-92.1002,-1.73,93,40,4.12,US,1674610602
289,mar del plata,-38.0023,-57.5575,20.01,83,75,9.26,AR,1674610489
290,naryan-mar,67.6713,53.087,-5.84,93,97,8.19,RU,1674610650
291,florianopolis,-27.6146,-48.5012,24.79,82,75,2.57,BR,1674610268
292,bosaso,11.2842,49.1816,22.63,70,6,2.1,SO,1674610651
293,rafai,4.95,23.9167,19.04,31,100,0.89,CF,1674610652
294,east london,-33.0153,27.9116,19.15,86,100,6.18,ZA,1674610652
295,soyo,-6.1349,12.3689,25.62,81,97,1.69,AO,1674610653
296,castrillon,43.3979,-6.7922,5.72,96,100,1.47,ES,1674610653
297,scarborough,54.2797,-0.4044,7.41,92,98,0.89,GB,1674610304
298,forbes,-33.3833,148.0167,28.52,21,0,4.49,AU,1674610654
299,djenne,13.9061,-4.5533,26.18,18,8,3.14,ML,1674610654
300,taoudenni,22.6783,-3.9836,18.3,16,2,2.5,ML,1674610655
301,basco,20.4487,121.9702,18.79,69,74,16.37,PH,1674610655
302,chabahar,25.2919,60.643,14.52,38,0,5.28,IR,1674610655
303,guerrero negro,27.9769,-114.0611,15.28,41,29,2.89,MX,1674610656
304,nouadhibou,20.931,-17.0347,16.99,72,80,8.23,MR,1674610656
305,porto torres,40.835,8.3972,8.1,79,92,6.45,IT,1674610065
306,duzce,40.8389,31.1639,6.13,85,100,1.38,TR,1674610657
307,denpasar,-8.65,115.2167,28.81,83,40,2.06,ID,1674610541
308,buraydah,26.326,43.975,12.25,81,22,4.32,SA,1674610658
309,leningradskiy,69.3833,178.4167,-30.89,92,18,3.9,RU,1674610658
310,leeuwarden,53.2014,5.8086,0.56,93,100,2.06,NL,1674610659
311,te anau,-45.4167,167.7167,21.96,35,23,2.19,NZ,1674610659
312,togur,58.3631,82.8265,-34.86,100,10,0.77,RU,1674610660
313,kaitangata,-46.2817,169.8464,16.44,74,78,2.57,NZ,1674610660
314,bucerias,20.75,-105.3333,24.99,65,75,5.14,MX,1674610661
315,caconda,-13.7333,15.0667,13.27,98,83,1.79,AO,1674610661
316,broome,42.2506,-75.833,-0.57,74,100,4.12,US,1674610662
317,quatre cocos,-20.2078,57.7625,22.83,91,100,2.86,MU,1674610662
318,metro,-5.1131,105.3067,23.38,94,100,3.0,ID,1674610663
319,matay,28.419,30.7792,12.24,85,0,6.39,EG,1674610663
320,khandyga,62.6667,135.6,-38.89,92,100,0.36,RU,1674610664
321,gilbues,-9.8317,-45.3439,26.98,58,100,0.32,BR,1674610664
322,yar-sale,66.8333,70.8333,-18.28,96,100,3.64,RU,1674610664
323,erzin,36.9559,36.2,9.85,57,6,2.0,TR,1674610665
324,narsaq,60.9167,-46.05,2.12,78,100,6.85,GL,1674610665
325,ponta delgada,37.7333,-25.6667,14.4,88,40,3.6,PT,1674610666
326,praia da vitoria,38.7333,-27.0667,14.31,100,75,7.23,PT,1674610658
327,salalah,17.0151,54.0924,23.05,68,75,3.6,OM,1674610666
328,tursunzoda,38.5144,68.2333,-3.02,87,100,0.75,TJ,1674610525
329,vokhma,58.9303,46.7586,-7.14,95,100,3.0,RU,1674610667
330,thabazimbi,-24.5917,27.4116,19.9,39,5,1.66,ZA,1674610668
331,touros,-5.1989,-35.4608,25.99,74,8,4.8,BR,1674610418
332,adilabad,19.6667,78.5333,19.83,62,63,3.6,IN,1674610668
333,sao felix do xingu,-6.6447,-51.995,22.18,97,100,0.27,BR,1674610669
334,batagay,67.6333,134.6333,-48.41,98,56,0.51,RU,1674610669
335,jiutai,44.1525,125.8328,-18.81,60,100,6.29,CN,1674610670
336,rio verde de mato grosso,-18.9181,-54.8442,22.96,93,100,1.69,BR,1674610670
337,ballina,-28.8667,153.5667,29.07,57,80,4.24,AU,1674610670
338,katherine,-14.4667,132.2667,29.18,74,100,5.14,AU,1674610671
339,kiruna,67.8557,20.2251,-11.62,97,100,0.88,SE,1674610671
340,la reforma,25.0833,-108.05,16.91,49,4,6.51,MX,1674610672
341,anadyr,64.75,177.4833,-22.72,70,0,1.0,RU,1674610672
342,grand gaube,-20.0064,57.6608,22.99,82,100,1.34,MU,1674610673
343,bandiagara,14.3501,-3.6104,25.43,17,5,3.35,ML,1674610673
344,yagunovskiy,55.2828,85.978,-17.31,78,20,5.0,RU,1674610674
345,cabedelo,-6.9811,-34.8339,26.37,76,4,4.94,BR,1674610570
346,longjiang,47.3303,123.1836,-21.88,60,35,1.29,CN,1674610674
347,pangnirtung,66.1451,-65.7125,-19.0,65,100,5.14,CA,1674610635
348,whitehaven,54.549,-3.5841,8.26,100,100,2.24,GB,1674610675
349,flexeiras,-9.1975,-35.7808,23.87,85,4,1.38,BR,1674610676
350,kutum,14.2,24.6667,14.19,19,74,2.59,SD,1674610676
351,sisimiut,66.9395,-53.6735,-9.96,76,67,7.59,GL,1674610677
352,smoky lake,54.1169,-112.4686,0.4,80,56,3.09,CA,1674610677
353,tacuati,-23.45,-56.5833,25.35,69,0,1.48,PY,1674610678
354,emmett,43.8735,-116.4993,1.94,95,66,2.04,US,1674610678
355,talakan,50.3167,130.3667,-30.56,89,36,1.33,RU,1674610679
356,zhigansk,66.7697,123.3711,-41.79,94,100,3.17,RU,1674610679
357,ippy,6.2679,21.2247,22.86,20,97,1.94,CF,1674610680
358,whitehorse,60.7161,-135.0538,1.43,69,75,5.66,CA,1674610680
359,omsukchan,62.5333,155.8,-27.11,98,97,2.12,RU,1674610681
360,masindi,1.6744,31.715,19.53,59,100,0.89,UG,1674610510
361,syamzha,60.0158,41.0614,-9.26,97,94,2.57,RU,1674610681
362,brownsville,25.9018,-97.4975,18.97,76,75,6.69,US,1674610682
363,mecca,21.4267,39.8261,21.32,75,28,0.59,SA,1674610682
364,camocim,-2.9022,-40.8411,24.34,89,15,3.01,BR,1674610683
365,noshiro,40.2039,140.0242,-8.54,78,100,12.89,JP,1674610684
366,boyolangu,-8.1181,111.8935,28.38,73,52,0.62,ID,1674610684
367,saint-pierre,-21.3393,55.4781,22.82,94,0,2.57,RE,1674610685
368,piacabucu,-10.4056,-36.4344,25.24,79,0,3.75,BR,1674610685
369,shevchenkove,49.6959,37.1735,-4.05,75,13,2.8,UA,1674610686
370,los llanos de aridane,28.6585,-17.9182,16.86,78,100,5.66,ES,1674610686
371,fairbanks,64.8378,-147.7164,-18.0,79,75,0.0,US,1674610679
372,matamoros,25.5333,-103.25,17.06,20,0,5.14,MX,1674610089
373,richards bay,-28.783,32.0377,23.11,91,86,7.43,ZA,1674610687
374,jasidih,24.5167,86.65,18.68,54,96,0.4,IN,1674610688
375,novoagansk,61.9449,76.6625,-16.52,96,100,5.21,RU,1674610688
376,gat,31.61,34.7642,14.67,70,0,1.39,IL,1674610689
377,colares,38.7992,-9.4469,8.27,60,1,9.83,PT,1674610689
378,klaksvik,62.2266,-6.589,7.51,82,27,13.34,FO,1674610689
379,luderitz,-26.6481,15.1594,17.24,70,2,11.57,NA,1674610690
380,avera,33.194,-82.5271,7.73,66,81,3.49,US,1674610690
381,siavonga,-16.5382,28.7088,21.21,92,99,2.5,ZM,1674610691
382,haines junction,60.7522,-137.5108,-4.21,96,100,1.75,CA,1674610691
383,klang,3.0333,101.45,26.14,88,20,0.0,MY,1674610419
384,douglas,41.3,-96.167,1.61,89,100,1.54,US,1674610595
385,cherskiy,68.75,161.3,-31.31,96,100,0.17,RU,1674610692
386,zavitinsk,50.1167,129.45,-30.9,94,73,1.71,RU,1674610693
387,port macquarie,-31.4333,152.9167,30.5,60,6,4.34,AU,1674610693
388,izumo,35.3667,132.7667,-0.06,64,75,4.12,JP,1674610693
389,gardiner,44.2301,-69.7753,2.29,69,100,1.54,US,1674610694
390,carnarvon,-24.8667,113.6333,29.84,54,1,5.11,AU,1674610694
391,samarai,-10.6167,150.6667,28.52,76,98,4.58,PG,1674610695
392,galle,6.0367,80.217,23.51,89,56,1.37,LK,1674610695
393,baykit,61.67,96.37,-39.09,100,57,0.54,RU,1674610696
394,rio gallegos,-51.6226,-69.2181,13.03,38,0,2.06,AR,1674610658
395,astoria,46.1879,-123.8313,7.94,89,100,0.0,US,1674610697
396,christchurch,-43.5333,172.6333,23.51,68,87,9.26,NZ,1674609888
397,storforshei,66.4043,14.5233,4.88,93,100,3.6,NO,1674610698
398,riyadh,24.6877,46.7219,13.08,88,0,3.43,SA,1674610260
399,pisco,-13.7,-76.2167,22.03,83,0,4.12,PE,1674610632
400,burkburnett,34.0979,-98.5706,1.38,95,100,5.14,US,1674610666
401,tehri,30.3833,78.4833,11.82,79,95,1.73,IN,1674610699
402,dunedin,-45.8742,170.5036,18.52,71,42,5.41,NZ,1674610699
403,marsa matruh,31.3525,27.2453,10.11,87,0,0.0,EG,1674610700
404,hualmay,-11.0964,-77.6139,21.72,82,96,3.57,PE,1674610700
405,bairiki,1.3292,172.9752,30.0,74,75,6.69,KI,1674610701
406,sept-iles,50.2001,-66.3821,-6.0,53,40,7.2,CA,1674610634
407,labuhan,-6.8844,112.2051,28.03,75,89,2.89,ID,1674610701
408,ewa beach,21.3156,-158.0072,27.97,65,0,3.6,US,1674610702
409,mopipi,-21.1833,24.8833,22.37,66,52,1.98,BW,1674610703
410,wajir,1.7471,40.0573,24.29,72,64,6.39,KE,1674610669
411,west bay,19.3667,-81.4167,26.04,84,20,3.6,KY,1674610703
412,kampong chhnang,12.1667,104.55,20.56,68,100,5.2,KH,1674610704
413,hinundayan,10.3523,125.2506,27.82,75,100,8.57,PH,1674610704
414,tiarei,-17.5333,-149.3333,30.01,78,94,7.6,PF,1674610705
415,iqaluit,63.7506,-68.5145,-30.15,69,75,11.32,CA,1674610705
416,datia,25.6667,78.4667,15.37,86,75,2.52,IN,1674610706
417,half moon bay,37.4636,-122.4286,15.32,54,0,5.14,US,1674610706
418,kununurra,-15.7667,128.7333,28.99,74,40,3.09,AU,1674610707
419,ardakan,32.31,54.0175,0.63,48,0,1.84,IR,1674610707
420,chumikan,54.7183,135.315,-31.47,83,100,8.21,RU,1674610707
421,mount gambier,-37.8333,140.7667,24.45,36,14,4.1,AU,1674610688
422,lakes entrance,-37.8811,147.981,28.42,54,0,3.43,AU,1674610708
423,siddipet,18.1,78.85,16.9,81,39,4.78,IN,1674610695
424,eyl,7.9803,49.8164,23.02,68,37,7.0,SO,1674610709
425,beverley,53.8459,-0.4233,6.16,52,100,3.09,GB,1674610709
426,yerofey pavlovich,53.9667,121.9667,-28.17,82,99,0.88,RU,1674610710
427,smithers,54.7804,-127.1743,0.18,100,100,2.06,CA,1674610710
428,cabo san lucas,22.8909,-109.9124,19.17,63,20,2.06,MX,1674610536
429,monteiro,-7.8894,-37.12,22.48,74,37,5.21,BR,1674610711
430,srivardhan,18.0333,73.0167,19.11,69,34,2.92,IN,1674610711
431,suncuius,46.9333,22.5333,0.61,81,18,0.47,RO,1674610712
432,khonsa,27.0167,95.5667,15.71,47,8,0.06,IN,1674610712
433,svetlaya,46.5389,138.3297,-20.97,59,32,6.78,RU,1674610712
434,katima mulilo,-17.5,24.2667,18.25,95,98,0.91,NA,1674610713
435,ternate,0.8,127.4,28.2,73,25,1.06,ID,1674610713
436,valdivia,-39.8142,-73.2459,14.05,76,0,1.42,CL,1674609996
437,santa cruz,-17.8,-63.1667,24.7,94,75,5.14,BO,1674610714
438,naples,40.8333,14.25,10.63,74,0,3.6,IT,1674610204
439,talaya,61.3833,152.75,-31.89,95,100,1.44,RU,1674610715
440,bira,49.0,132.4667,-26.84,81,13,1.59,RU,1674610715
441,kilifi,-3.6305,39.8499,24.68,88,100,3.34,KE,1674610715
442,udachnyy,66.4167,112.4,-40.9,100,69,0.89,RU,1674610716
443,snezhnogorsk,69.1933,33.2531,-3.12,79,100,7.42,RU,1674610716
444,havoysund,70.9963,24.6622,1.13,66,100,6.85,NO,1674610717
445,canmore,51.0834,-115.3521,0.06,92,30,1.54,CA,1674610717
446,ceres,37.5949,-120.9577,14.18,54,0,2.06,US,1674610718
447,ostrovnoy,68.0531,39.5131,-4.87,80,100,10.5,RU,1674610718
448,mangai,-4.05,19.5333,20.66,99,100,1.23,CD,1674610719
449,tongliao,43.6125,122.2653,-14.67,29,77,5.77,CN,1674610719
450,bilibino,68.0546,166.4372,-25.11,72,100,1.86,RU,1674610719
451,poum,-20.2333,164.0167,28.18,75,14,2.86,NC,1674610720
452,pombia,45.653,8.6336,5.7,83,75,2.57,IT,1674610720
453,khandagayty,50.7333,92.05,-23.26,99,100,0.24,RU,1674610721
454,muta,46.6114,15.1661,1.86,98,100,1.3,SI,1674610721
455,sao miguel do araguaia,-13.275,-50.1628,22.17,94,100,0.88,BR,1674610722
456,kisangani,0.5167,25.2,21.02,90,63,1.3,CD,1674610722
457,mongo,12.1844,18.693,22.98,11,100,2.47,TD,1674610723
458,mujiayingzi,42.1167,118.7833,-14.6,38,91,4.45,CN,1674610723
459,shahr-e babak,30.1165,55.1186,-0.9,52,69,1.13,IR,1674610724
460,timaru,-44.4,171.25,21.15,66,100,5.96,NZ,1674610724
461,karaton,-6.3424,106.1045,24.7,90,100,3.05,ID,1674610725
462,constitucion,-35.3333,-72.4167,13.64,80,0,6.5,CL,1674610725
463,kainantu,-6.2887,145.8655,23.74,62,100,2.26,PG,1674610725
464,namatanai,-3.6667,152.4333,29.27,67,95,2.66,PG,1674610726
465,zlobin,45.2924,14.6541,2.61,67,75,1.03,HR,1674610726
466,chake chake,-5.2459,39.7666,24.96,85,85,4.05,TZ,1674610727
467,laguna,38.421,-121.4238,13.16,66,0,2.06,US,1674610727
468,havelock,34.8791,-76.9013,9.41,85,0,0.0,US,1674610728
469,peleduy,59.6289,112.7406,-26.72,88,100,2.47,RU,1674610728
470,eirunepe,-6.6603,-69.8736,22.4,98,30,1.17,BR,1674610729
471,aksay,47.26,39.87,-0.97,60,1,5.36,RU,1674610729
472,finschhafen,-6.6024,147.8681,29.16,70,100,2.75,PG,1674610730
473,buala,-8.145,159.5921,28.34,76,89,3.2,SB,1674610730
474,brae,60.3964,-1.353,9.45,89,100,11.01,GB,1674610731
475,beira,-19.8436,34.8389,29.05,79,20,4.63,MZ,1674610731
476,paamiut,61.994,-49.6678,-3.08,75,100,5.79,GL,1674610731
477,santa maria,-29.6842,-53.8069,24.61,73,40,3.09,BR,1674610419
478,xacmaz,41.4635,48.806,0.92,74,7,1.5,AZ,1674610732
479,la rioja,42.25,-2.5,-2.12,89,99,1.19,ES,1674610732
480,tanda,26.55,82.65,14.17,74,8,2.58,IN,1674610297
481,binzhou,37.3667,118.0167,-7.03,9,3,3.26,CN,1674610733
482,le port,-20.9373,55.2919,23.0,92,100,2.89,RE,1674610734
483,qingdao,36.0986,120.3719,-8.22,29,0,4.0,CN,1674610734
484,atasu,48.6814,71.6433,-25.94,100,42,1.4,KZ,1674610734
485,charters towers,-20.1,146.2667,30.99,50,67,4.06,AU,1674610735
486,la macarena,2.1837,-73.7849,23.88,63,49,1.07,CO,1674610735
487,muscle shoals,34.7448,-87.6675,10.08,59,100,4.12,US,1674610736
488,ulcinj,41.9294,19.2244,9.43,76,12,5.48,ME,1674610736
489,muslyumovo,55.3033,53.1947,-14.05,93,100,2.69,RU,1674610737
490,matara,5.9485,80.5353,22.8,90,66,2.07,LK,1674610737
491,north aurora,41.8061,-88.3273,1.28,82,100,1.54,US,1674610738
492,airai,-8.9266,125.4092,21.42,72,100,0.53,TL,1674610738
493,vitre,48.1178,-1.2058,1.49,88,100,2.91,FR,1674610738
494,palmaner,13.2,78.75,15.78,93,88,1.03,IN,1674610739
495,russell,32.3502,-85.1999,10.6,69,100,3.24,US,1674610739
496,inuvik,68.3499,-133.7218,-19.44,84,100,1.03,CA,1674610740
497,grande prairie,55.1667,-118.8027,0.1,64,75,4.12,CA,1674610740
498,rorvik,64.8621,11.2373,8.06,93,100,15.95,NO,1674610741
499,mareeba,-17.0,145.4333,31.91,63,45,2.07,AU,1674610741
500,camargo,27.6667,-105.1667,7.08,13,0,3.94,MX,1674610742
501,chapais,49.7834,-74.8492,-21.12,97,72,2.39,CA,1674610742
502,mayen,50.3333,7.2167,0.71,88,100,1.26,DE,1674610743
503,axim,4.8699,-2.2405,25.88,86,4,1.45,GH,1674610743
504,uong bi,21.0333,106.7833,11.99,38,6,1.8,VN,1674610743
505,vershino-shakhtaminskiy,51.3012,117.8868,-27.59,71,19,0.61,RU,1674610744
506,chotila,22.4167,71.1833,12.21,47,1,3.86,IN,1674610744
507,gull lake,50.1001,-108.4847,-1.79,98,99,3.53,CA,1674610745
508,freeport,40.6576,-73.5832,5.1,57,100,6.69,US,1674610488
509,mildura,-34.2,142.15,32.26,37,0,3.24,AU,1674610404
510,shaowu,27.3409,117.4831,4.59,41,2,1.66,CN,1674610746
511,walvis bay,-22.9575,14.5053,16.72,88,58,0.51,NA,1674610414
512,nativitas,19.2333,-98.3167,15.2,47,0,4.63,MX,1674610747
513,hermitage,41.2334,-80.4487,-0.55,84,20,2.57,US,1674610510
514,cairns,-16.9167,145.7667,34.48,65,75,3.6,AU,1674610747
515,formosa,-26.1775,-58.1781,29.99,62,0,2.06,AR,1674610748
516,monrovia,6.3005,-10.7969,25.04,85,100,2.82,LR,1674610748
517,imeni poliny osipenko,52.4201,136.4853,-27.47,94,100,4.4,RU,1674610749
518,high rock,26.6208,-78.2833,21.01,78,100,7.67,BS,1674610749
519,lewiston,44.1003,-70.2148,1.25,88,74,2.27,US,1674610750
520,damghan,36.1683,54.348,-3.42,61,0,0.95,IR,1674610750
521,port hawkesbury,45.6169,-61.3485,-1.01,82,75,6.69,CA,1674610570
522,huixtla,15.15,-92.4667,24.82,82,81,1.59,MX,1674610751
523,chicama,-7.8447,-79.1469,20.3,71,96,1.82,PE,1674610751
524,tongchuan,35.0806,109.0897,-6.35,19,100,0.87,CN,1674610752
525,pehowa,29.9833,76.5833,11.79,96,11,3.06,IN,1674610752
526,qujing,25.4833,103.7833,5.98,67,100,4.37,CN,1674610753
527,sombrio,-29.1139,-49.6167,23.85,91,1,1.6,BR,1674610753
528,almaznyy,48.0448,40.045,-4.23,64,7,3.43,RU,1674610754
529,joshimath,30.5667,79.5667,6.11,89,100,1.8,IN,1674610754
530,tevriz,57.509,72.4042,-10.63,96,100,2.57,RU,1674610755
531,faya,18.3851,42.4509,11.29,74,6,1.38,SA,1674610755
532,belz,47.6751,-3.168,3.94,86,38,1.34,FR,1674610756
533,honiara,-9.4333,159.95,30.25,64,85,2.7,SB,1674610756
534,sao fidelis,-21.6461,-41.7469,23.14,99,100,0.86,BR,1674610757
535,pontes e lacerda,-15.2261,-59.3353,22.52,91,96,1.49,BR,1674610745
536,ouesso,1.6136,16.0517,21.89,60,100,0.99,CG,1674610757
537,vikulovo,56.8167,70.6107,-10.47,91,92,4.89,RU,1674610758
538,orocue,4.7912,-71.3354,26.29,55,58,2.39,CO,1674610758
539,sukumo,32.9333,132.7333,2.1,52,73,6.03,JP,1674610759
540,kropotkin,45.4375,40.5756,-0.82,82,5,4.18,RU,1674610759
541,balikpapan,-1.2675,116.8289,25.55,94,40,2.06,ID,1674610759
542,kriel,-26.2739,29.2253,16.01,66,1,2.88,ZA,1674610760
543,sarkand,45.41,79.9186,-14.31,77,67,3.13,KZ,1674610760
544,san quintin,30.4833,-115.95,13.44,49,11,3.04,MX,1674610761
545,coihaique,-45.5752,-72.0662,8.97,81,75,2.06,CL,1674610644
546,markova,48.6758,24.4138,-1.78,81,83,0.79,UA,1674610761
547,conde,-7.2597,-34.9075,25.7,78,20,3.09,BR,1674610762
548,nenjiang,49.1833,125.2167,-28.19,84,89,0.13,CN,1674610762
549,kawalu,-7.3817,108.2082,26.51,75,100,0.38,ID,1674610763
550,naze,28.3667,129.4833,8.51,72,98,7.6,JP,1674610763
551,darhan,49.4867,105.9228,-28.91,92,84,1.62,MN,1674610764
552,atambua,-9.1061,124.8925,27.47,71,100,2.34,ID,1674610764
553,beringovskiy,63.05,179.3167,-23.57,95,86,5.72,RU,1674610622
554,kolno,53.4115,21.9291,-3.6,85,80,1.78,PL,1674610765
555,itapirapua,-15.8233,-50.6133,21.1,95,100,0.7,BR,1674610765
556,paranhos,-23.8928,-55.4311,23.5,59,0,1.54,BR,1674610766
